Amanda,Leo,Fernando,Rafael,Marina
1.0000000,0.1085663,-0.6437440,-1.0000000,0.0292039
-0.9890685,1.0000000,-1.0000000,-0.5595464,0.0000000
1.0000000,-1.0000000,-1.0000000,1.0000000,-0.6612409
0.1757486,0.9027614,-0.4396881,1.0000000,-0.3697446
0.8107138,0.0000000,0.2569849,-1.0000000,-1.0000000